Problem,Seed,Best_f,Is_Feasible,Feas_Rate_pct,Total_CV,Time_ms,x1,x2,x3,x4,x5
Branin,0,0.397890,1,78.1,0.000000e+00,47261,3.141228,2.273965,N/A,N/A,N/A
Branin,1,0.397887,1,78.2,0.000000e+00,43817,3.141593,2.274954,N/A,N/A,N/A
Branin,2,0.397891,1,72.8,0.000000e+00,38200,3.142344,2.273694,N/A,N/A,N/A
Branin,3,0.397888,1,77.1,0.000000e+00,40275,3.141855,2.274429,N/A,N/A,N/A
Branin,4,0.397888,1,72.3,0.000000e+00,42024,3.141535,2.275943,N/A,N/A,N/A
Branin,5,0.397887,1,73.2,0.000000e+00,37537,3.141559,2.274866,N/A,N/A,N/A
Branin,6,0.397889,1,74.0,0.000000e+00,37964,3.141072,2.274680,N/A,N/A,N/A
Branin,7,0.397887,1,75.6,0.000000e+00,36474,3.141629,2.274695,N/A,N/A,N/A
Branin,8,0.397887,1,78.8,0.000000e+00,38846,3.141613,2.275069,N/A,N/A,N/A
Branin,9,0.397887,1,74.2,0.000000e+00,39122,3.141556,2.275044,N/A,N/A,N/A
Branin,10,0.397887,1,71.6,0.000000e+00,35425,3.141532,2.274886,N/A,N/A,N/A
Branin,11,0.397887,1,73.9,0.000000e+00,38296,3.141534,2.275100,N/A,N/A,N/A
Branin,12,0.397887,1,73.0,0.000000e+00,39586,3.141522,2.275090,N/A,N/A,N/A
Branin,13,0.397887,1,78.7,0.000000e+00,35706,3.141520,2.275022,N/A,N/A,N/A
Branin,14,0.397887,1,77.6,0.000000e+00,34681,3.141593,2.274877,N/A,N/A,N/A
Branin,15,0.397889,1,72.0,0.000000e+00,33983,3.140931,2.275502,N/A,N/A,N/A
Branin,16,0.397887,1,76.9,0.000000e+00,34484,3.141523,2.275243,N/A,N/A,N/A
Branin,17,0.397888,1,70.4,0.000000e+00,35341,3.141690,2.274601,N/A,N/A,N/A
Branin,18,0.397888,1,81.6,0.000000e+00,37414,3.141379,2.275332,N/A,N/A,N/A
Branin,19,0.397889,1,76.9,0.000000e+00,36369,3.141183,2.274724,N/A,N/A,N/A
Branin,20,0.397888,1,79.5,0.000000e+00,36459,3.141768,2.274881,N/A,N/A,N/A
Branin,21,0.397887,1,71.0,0.000000e+00,34928,3.141557,2.275298,N/A,N/A,N/A
Branin,22,0.397887,1,74.2,0.000000e+00,34457,3.141583,2.275019,N/A,N/A,N/A
Branin,23,0.397888,1,73.6,0.000000e+00,34126,3.141563,2.275405,N/A,N/A,N/A
Branin,24,0.397888,1,73.7,0.000000e+00,32826,3.141543,2.274587,N/A,N/A,N/A
Branin,25,0.397887,1,72.0,0.000000e+00,33445,3.141453,2.274989,N/A,N/A,N/A
Branin,26,0.397887,1,75.7,0.000000e+00,35263,3.141579,2.275016,N/A,N/A,N/A
Branin,27,0.397888,1,79.6,0.000000e+00,34257,3.141843,2.274402,N/A,N/A,N/A
Branin,28,0.397889,1,77.3,0.000000e+00,34654,3.141988,2.275680,N/A,N/A,N/A
Branin,29,0.397888,1,79.7,0.000000e+00,35613,3.141488,2.275594,N/A,N/A,N/A
Himmelblau,0,65.009635,1,75.1,0.000000e+00,34927,-1.380738,2.092978,N/A,N/A,N/A
Himmelblau,1,65.011408,1,63.4,0.000000e+00,33687,1.689662,1.144495,N/A,N/A,N/A
Himmelblau,2,65.004042,1,72.7,0.000000e+00,34113,1.689822,1.144449,N/A,N/A,N/A
Himmelblau,3,65.009562,1,63.0,0.000000e+00,33042,2.210811,-0.888032,N/A,N/A,N/A
Himmelblau,4,65.003062,1,65.9,0.000000e+00,31445,-1.380893,2.093016,N/A,N/A,N/A
Himmelblau,5,65.016391,1,74.6,0.000000e+00,33400,1.689875,1.143977,N/A,N/A,N/A
Himmelblau,6,65.002946,1,75.7,0.000000e+00,33375,-2.519788,-2.349353,N/A,N/A,N/A
Himmelblau,7,65.012511,1,65.7,0.000000e+00,31781,1.689606,1.144556,N/A,N/A,N/A
Himmelblau,8,65.003926,1,70.1,0.000000e+00,31383,-1.380894,2.092998,N/A,N/A,N/A
Himmelblau,9,65.019043,1,66.0,0.000000e+00,34732,2.210676,-0.887776,N/A,N/A,N/A
Himmelblau,10,65.021182,1,70.7,0.000000e+00,40311,-2.519597,-2.349086,N/A,N/A,N/A
Himmelblau,11,65.017171,1,73.4,0.000000e+00,37304,-1.380723,2.092829,N/A,N/A,N/A
Himmelblau,12,65.006309,1,60.9,0.000000e+00,39261,1.689870,1.144296,N/A,N/A,N/A
Himmelblau,13,65.002183,1,69.8,0.000000e+00,36658,-1.380906,2.093026,N/A,N/A,N/A
Himmelblau,14,65.021046,1,75.5,0.000000e+00,35790,1.689397,1.144650,N/A,N/A,N/A
Himmelblau,15,65.008934,1,71.9,0.000000e+00,38724,1.689704,1.144500,N/A,N/A,N/A
Himmelblau,16,65.006901,1,69.6,0.000000e+00,38635,1.689691,1.144586,N/A,N/A,N/A
Himmelblau,17,65.014385,1,62.7,0.000000e+00,37466,2.210742,-0.888001,N/A,N/A,N/A
Himmelblau,18,65.027234,1,77.1,0.000000e+00,35422,-1.380811,2.092560,N/A,N/A,N/A
Himmelblau,19,65.012117,1,76.8,0.000000e+00,36185,-1.380989,2.092763,N/A,N/A,N/A
Himmelblau,20,65.012201,1,69.6,0.000000e+00,34657,-1.380887,2.092828,N/A,N/A,N/A
Himmelblau,21,65.021850,1,69.5,0.000000e+00,30606,2.210637,-0.887257,N/A,N/A,N/A
Himmelblau,22,65.005965,1,62.6,0.000000e+00,31699,2.210863,-0.887994,N/A,N/A,N/A
Himmelblau,23,65.001853,1,61.2,0.000000e+00,30406,-1.380874,2.093054,N/A,N/A,N/A
Himmelblau,24,65.008323,1,70.7,0.000000e+00,51133,2.210829,-0.887976,N/A,N/A,N/A
Himmelblau,25,65.006739,1,71.8,0.000000e+00,36581,1.689882,1.144264,N/A,N/A,N/A
Himmelblau,26,65.016303,1,74.4,0.000000e+00,31954,2.210715,-0.887943,N/A,N/A,N/A
Himmelblau,27,65.016469,1,75.0,0.000000e+00,31928,-1.380729,2.092840,N/A,N/A,N/A
Himmelblau,28,65.010329,1,66.7,0.000000e+00,31091,2.210800,-0.888134,N/A,N/A,N/A
Himmelblau,29,65.006226,1,76.7,0.000000e+00,33908,2.210859,-0.888013,N/A,N/A,N/A
Rosenbrock,0,0.145613,1,72.5,0.000000e+00,36813,0.618741,0.381243,N/A,N/A,N/A
Rosenbrock,1,0.145619,1,76.5,0.000000e+00,36850,0.618919,0.381071,N/A,N/A,N/A
Rosenbrock,2,0.145611,1,69.9,0.000000e+00,36783,0.618798,0.381191,N/A,N/A,N/A
Rosenbrock,3,0.145633,1,77.0,0.000000e+00,35762,0.618640,0.381311,N/A,N/A,N/A
Rosenbrock,4,0.145621,1,77.1,0.000000e+00,36056,0.618715,0.381252,N/A,N/A,N/A
Rosenbrock,5,0.145630,1,80.3,0.000000e+00,35323,0.618644,0.381315,N/A,N/A,N/A
Rosenbrock,6,0.145611,1,71.3,0.000000e+00,32663,0.618872,0.381124,N/A,N/A,N/A
Rosenbrock,7,0.145612,1,71.0,0.000000e+00,33053,0.618805,0.381180,N/A,N/A,N/A
Rosenbrock,8,0.145640,1,75.1,0.000000e+00,32167,0.618816,0.381092,N/A,N/A,N/A
Rosenbrock,9,0.145622,1,72.4,0.000000e+00,31345,0.618799,0.381158,N/A,N/A,N/A
Rosenbrock,10,0.145624,1,72.2,0.000000e+00,31583,0.618662,0.381310,N/A,N/A,N/A
Rosenbrock,11,0.145613,1,73.7,0.000000e+00,32664,0.618776,0.381207,N/A,N/A,N/A
Rosenbrock,12,0.145629,1,74.2,0.000000e+00,42686,0.618613,0.381368,N/A,N/A,N/A
Rosenbrock,13,0.145614,1,71.4,0.000000e+00,38403,0.618890,0.381104,N/A,N/A,N/A
Rosenbrock,14,0.145626,1,76.2,0.000000e+00,37204,0.618720,0.381227,N/A,N/A,N/A
Rosenbrock,15,0.145615,1,70.8,0.000000e+00,45803,0.618901,0.381093,N/A,N/A,N/A
Rosenbrock,16,0.145612,1,75.4,0.000000e+00,42301,0.618707,0.381290,N/A,N/A,N/A
Rosenbrock,17,0.145611,1,74.3,0.000000e+00,41678,0.618808,0.381180,N/A,N/A,N/A
Rosenbrock,18,0.145609,1,70.5,0.000000e+00,47832,0.618799,0.381195,N/A,N/A,N/A
Rosenbrock,19,0.145626,1,70.0,0.000000e+00,46846,0.618819,0.381128,N/A,N/A,N/A
Rosenbrock,20,0.145616,1,72.5,0.000000e+00,37351,0.618868,0.381116,N/A,N/A,N/A
Rosenbrock,21,0.145612,1,73.4,0.000000e+00,36728,0.618756,0.381231,N/A,N/A,N/A
Rosenbrock,22,0.145612,1,79.9,0.000000e+00,38647,0.618810,0.381175,N/A,N/A,N/A
Rosenbrock,23,0.145610,1,77.4,0.000000e+00,39549,0.618871,0.381128,N/A,N/A,N/A
Rosenbrock,24,0.145620,1,64.4,0.000000e+00,39469,0.618672,0.381310,N/A,N/A,N/A
Rosenbrock,25,0.145611,1,80.7,0.000000e+00,37010,0.618769,0.381220,N/A,N/A,N/A
Rosenbrock,26,0.145630,1,70.4,0.000000e+00,36357,0.618781,0.381153,N/A,N/A,N/A
Rosenbrock,27,0.145618,1,73.7,0.000000e+00,37413,0.618730,0.381242,N/A,N/A,N/A
Rosenbrock,28,0.145631,1,68.5,0.000000e+00,37387,0.618590,0.381398,N/A,N/A,N/A
Rosenbrock,29,0.145625,1,72.1,0.000000e+00,41013,0.618983,0.381016,N/A,N/A,N/A
PressureVessel,0,37.650492,1,25.2,0.000000e+00,56860,0.193521,0.095546,10.000140,10.000102,N/A
PressureVessel,1,38.051406,1,25.8,0.000000e+00,53351,0.196074,0.095622,10.000081,10.000004,N/A
PressureVessel,2,37.635728,1,24.9,0.000000e+00,51858,0.193215,0.095719,10.000002,10.001201,N/A
PressureVessel,3,38.187374,1,27.3,0.000000e+00,51516,0.194436,0.097780,10.000036,10.001302,N/A
PressureVessel,4,37.601951,1,24.5,0.000000e+00,56059,0.193275,0.095487,10.000007,10.000000,N/A
PressureVessel,5,37.736794,1,24.3,0.000000e+00,53357,0.193821,0.095727,10.001768,10.000005,N/A
PressureVessel,6,37.805162,1,26.6,0.000000e+00,56390,0.194349,0.095714,10.000000,10.000053,N/A
PressureVessel,7,38.246453,1,26.5,0.000000e+00,55748,0.193472,0.098944,10.000003,10.000013,N/A
PressureVessel,8,37.644902,1,27.4,0.000000e+00,54508,0.193224,0.095566,10.000341,10.026304,N/A
PressureVessel,9,38.719551,1,25.2,0.000000e+00,50769,0.193796,0.101329,10.000000,10.000032,N/A
PressureVessel,10,37.747964,1,28.9,0.000000e+00,56340,0.193785,0.095689,10.001802,10.017512,N/A
PressureVessel,11,37.820376,1,33.2,0.000000e+00,49211,0.194547,0.095618,10.000336,10.000476,N/A
PressureVessel,12,37.827999,1,24.5,0.000000e+00,46753,0.194682,0.095530,10.000584,10.001588,N/A
PressureVessel,13,38.533015,1,25.6,0.000000e+00,47542,0.195982,0.097072,10.004689,10.158535,N/A
PressureVessel,14,37.803251,1,31.2,0.000000e+00,47058,0.193994,0.095954,10.000930,10.003382,N/A
PressureVessel,15,37.867105,1,24.7,0.000000e+00,46379,0.193178,0.096626,10.000094,10.058146,N/A
PressureVessel,16,39.488752,1,25.2,0.000000e+00,47462,0.202766,0.097913,10.000000,10.000000,N/A
PressureVessel,17,37.566695,1,33.3,0.000000e+00,47615,0.193098,0.095411,10.000645,10.001243,N/A
PressureVessel,18,37.676498,1,27.9,0.000000e+00,48271,0.193707,0.095491,10.000007,10.006301,N/A
PressureVessel,19,37.666555,1,26.3,0.000000e+00,55396,0.193172,0.095938,10.000000,10.000000,N/A
PressureVessel,20,37.987141,1,30.8,0.000000e+00,48020,0.193829,0.096570,10.000000,10.082188,N/A
PressureVessel,21,38.764406,1,32.6,0.000000e+00,47421,0.195305,0.099005,10.006247,10.145733,N/A
PressureVessel,22,38.116561,1,22.5,0.000000e+00,47852,0.196115,0.095956,10.000000,10.000002,N/A
PressureVessel,23,37.586846,1,26.5,0.000000e+00,47229,0.193135,0.095511,10.000230,10.000435,N/A
PressureVessel,24,37.710321,1,29.6,0.000000e+00,50010,0.193131,0.096218,10.000019,10.000082,N/A
PressureVessel,25,37.717900,1,26.2,0.000000e+00,47787,0.193526,0.095788,10.004579,10.000001,N/A
PressureVessel,26,40.180280,1,22.1,0.000000e+00,47690,0.195750,0.107875,10.000005,10.000056,N/A
PressureVessel,27,37.866879,1,26.3,0.000000e+00,52032,0.193122,0.097107,10.000000,10.000000,N/A
PressureVessel,28,37.634064,1,25.8,0.000000e+00,51708,0.193410,0.095457,10.002753,10.001730,N/A
PressureVessel,29,39.094611,1,31.2,0.000000e+00,46515,0.200101,0.098018,10.000000,10.000067,N/A
GearTrain,0,-30627.163697,1,63.9,0.000000e+00,55401,78.098982,33.005816,30.093772,44.850801,36.774781
GearTrain,1,-30628.357244,1,61.1,0.000000e+00,61657,78.086819,33.335674,30.176654,44.860810,36.359030
GearTrain,2,-30576.546654,1,65.0,0.000000e+00,55754,78.750900,33.302155,30.174499,44.265105,36.473959
GearTrain,3,-30573.106930,1,64.7,0.000000e+00,56137,78.435399,33.255610,30.287775,44.471460,36.292827
GearTrain,4,-30534.379251,1,63.1,0.000000e+00,58263,78.387555,33.433225,30.383131,43.682040,36.460225
GearTrain,5,-30515.168507,1,59.8,0.000000e+00,55860,79.050242,33.373776,30.217679,42.913821,36.884467
GearTrain,6,-30591.483952,1,61.4,0.000000e+00,56118,78.579460,33.072925,30.031076,43.543047,37.127948
GearTrain,7,-30596.547887,1,64.3,0.000000e+00,53756,78.624463,33.291412,30.153471,44.527890,36.403416
GearTrain,8,-30599.288218,1,64.6,0.000000e+00,69772,78.000011,33.008083,30.196085,44.263788,36.798689
GearTrain,9,-30623.849504,1,62.5,0.000000e+00,59464,78.319566,33.117735,30.087182,44.713155,36.628620
GearTrain,10,-30575.032971,1,64.4,0.000000e+00,60462,78.117828,33.052352,30.422376,44.863180,35.921617
GearTrain,11,-30437.918366,1,58.1,0.000000e+00,59199,79.935652,33.492815,30.412151,42.636745,36.192345
GearTrain,12,-30544.416851,1,62.6,0.000000e+00,65865,79.566292,33.116710,30.126403,44.435410,36.359756
GearTrain,13,-30593.187698,1,61.5,0.000000e+00,61748,79.279372,33.019919,29.996592,44.734086,36.547877
GearTrain,14,-30594.107066,1,61.4,0.000000e+00,58733,78.513724,33.161638,30.120321,44.205700,36.718059
GearTrain,15,-30649.104734,1,61.8,0.000000e+00,62097,78.010307,33.004643,30.030270,44.694868,36.844536
GearTrain,16,-30592.175317,1,61.2,0.000000e+00,72139,78.373540,33.301320,30.238344,44.628674,36.310304
GearTrain,17,-30560.791917,1,63.7,0.000000e+00,68234,78.815484,33.059821,30.077822,43.464602,37.120540
GearTrain,18,-30594.099248,1,64.7,0.000000e+00,69584,78.169457,33.007694,30.261614,44.990210,36.376689
GearTrain,19,-30608.270574,1,64.4,0.000000e+00,60120,78.191633,33.071483,30.146589,44.143617,36.706578
GearTrain,20,-30627.886658,1,65.3,0.000000e+00,73527,78.223122,33.005444,30.054925,44.496275,36.826048
GearTrain,21,-30624.645332,1,62.7,0.000000e+00,60819,78.212388,33.007689,30.027121,44.081508,37.023759
GearTrain,22,-30642.680868,1,63.4,0.000000e+00,836738,78.155609,33.026196,30.056043,44.814241,36.664388
GearTrain,23,-30446.752482,1,61.9,0.000000e+00,61022,78.820937,33.288768,30.560297,44.999996,36.466459
GearTrain,24,-30633.588144,1,64.9,0.000000e+00,56311,78.178574,33.205312,30.113926,44.905731,36.494065
GearTrain,25,-30485.786617,1,63.9,0.000000e+00,54164,78.295389,33.718583,30.398222,41.285156,37.223228
GearTrain,26,-30607.600725,1,61.7,0.000000e+00,59722,78.055960,33.283592,30.161933,43.978857,36.782207
GearTrain,27,-30561.601179,1,64.0,0.000000e+00,55113,78.159980,33.116418,30.424936,44.904180,36.071036
GearTrain,28,-30529.917478,1,63.7,0.000000e+00,55629,78.910883,33.414431,30.273041,43.302044,36.532672
GearTrain,29,-30627.861200,1,62.7,0.000000e+00,55116,78.041199,33.088137,30.086267,44.332842,36.861461
G06,0,-6882.926762,1,15.6,0.000000e+00,33551,14.128710,0.913318,N/A,N/A,N/A
G06,1,-6958.671944,1,14.1,0.000000e+00,33248,14.096391,0.845751,N/A,N/A,N/A
G06,2,-6902.064263,1,15.2,0.000000e+00,33681,14.119996,0.896229,N/A,N/A,N/A
G06,3,-6948.266279,1,10.0,0.000000e+00,34036,14.101021,0.854998,N/A,N/A,N/A
G06,4,-6921.869648,1,14.3,0.000000e+00,33327,14.111947,0.878530,N/A,N/A,N/A
G06,5,-6950.726879,1,15.3,0.000000e+00,33483,14.100016,0.852807,N/A,N/A,N/A
G06,6,-6911.929274,1,12.5,0.000000e+00,33493,14.116923,0.887366,N/A,N/A,N/A
G06,7,-6957.202798,1,16.7,0.000000e+00,33743,14.096965,0.847060,N/A,N/A,N/A
G06,8,-6939.781160,1,15.7,0.000000e+00,49058,14.104012,0.862580,N/A,N/A,N/A
G06,9,-6948.172746,1,15.6,0.000000e+00,34495,14.101037,0.855082,N/A,N/A,N/A
G06,10,-6941.103870,1,14.8,0.000000e+00,33103,14.103631,0.861394,N/A,N/A,N/A
G06,11,-6947.916233,1,17.1,0.000000e+00,33808,14.101197,0.855308,N/A,N/A,N/A
G06,12,-6950.929968,1,14.5,0.000000e+00,33669,14.099604,0.852641,N/A,N/A,N/A
G06,13,-6950.077529,1,15.0,0.000000e+00,34256,14.100037,0.853396,N/A,N/A,N/A
G06,14,-6892.375035,1,16.2,0.000000e+00,33657,14.124396,0.904878,N/A,N/A,N/A
G06,15,-6954.541023,1,13.4,0.000000e+00,33404,14.098028,0.849430,N/A,N/A,N/A
G06,16,-6932.765814,1,15.0,0.000000e+00,33223,14.107984,0.868784,N/A,N/A,N/A
G06,17,-6908.809821,1,14.8,0.000000e+00,34408,14.118692,0.890131,N/A,N/A,N/A
G06,18,-6958.165316,1,14.0,0.000000e+00,34006,14.096512,0.846206,N/A,N/A,N/A
G06,19,-6958.868177,1,14.4,0.000000e+00,33886,14.096208,0.845581,N/A,N/A,N/A
G06,20,-6933.808670,1,15.2,0.000000e+00,33240,14.107717,0.867847,N/A,N/A,N/A
G06,21,-6924.871253,1,13.6,0.000000e+00,33936,14.110590,0.875857,N/A,N/A,N/A
G06,22,-6955.963912,1,16.7,0.000000e+00,33419,14.097407,0.848166,N/A,N/A,N/A
G06,23,-6956.713665,1,13.6,0.000000e+00,34193,14.097312,0.847489,N/A,N/A,N/A
G06,24,-6955.964066,1,15.0,0.000000e+00,33717,14.097542,0.848159,N/A,N/A,N/A
G06,25,-6929.230902,1,15.3,0.000000e+00,32595,14.109247,0.871946,N/A,N/A,N/A
G06,26,-6940.150591,1,15.1,0.000000e+00,33225,14.104663,0.862214,N/A,N/A,N/A
G06,27,-6910.136688,1,14.2,0.000000e+00,33858,14.116003,0.889045,N/A,N/A,N/A
G06,28,-6928.441656,1,11.8,0.000000e+00,32961,14.110018,0.872629,N/A,N/A,N/A
G06,29,-6843.767303,1,14.2,0.000000e+00,33431,14.147035,0.948351,N/A,N/A,N/A
WeldedBeam,0,1.969384,1,82.8,0.000000e+00,48638,0.201195,2.734040,9.731949,0.235754,N/A
WeldedBeam,1,1.802384,1,78.9,0.000000e+00,48486,0.130510,4.541359,9.277825,0.207458,N/A
WeldedBeam,2,1.809564,1,75.4,0.000000e+00,50866,0.149993,3.944718,8.843396,0.224177,N/A
WeldedBeam,3,1.908005,1,77.6,0.000000e+00,49230,0.130708,4.497243,9.636390,0.212598,N/A
WeldedBeam,4,1.838771,1,76.5,0.000000e+00,50690,0.205247,2.792636,9.329798,0.226708,N/A
WeldedBeam,5,1.791242,1,84.7,0.000000e+00,48994,0.163366,3.356885,9.955427,0.203565,N/A
WeldedBeam,6,1.823646,1,77.3,0.000000e+00,50652,0.181267,3.188733,9.977450,0.206997,N/A
WeldedBeam,7,1.735729,1,74.0,0.000000e+00,50457,0.200690,2.679638,9.990923,0.201627,N/A
WeldedBeam,8,1.927826,1,77.7,0.000000e+00,49368,0.139795,4.320456,8.858070,0.234974,N/A
WeldedBeam,9,1.828353,1,79.5,0.000000e+00,50463,0.182174,3.516508,9.936109,0.202957,N/A
WeldedBeam,10,1.727103,1,78.1,0.000000e+00,50848,0.174206,3.600014,9.261450,0.204847,N/A
WeldedBeam,11,1.714717,1,77.6,0.000000e+00,49562,0.156633,3.741845,9.088813,0.207957,N/A
WeldedBeam,12,1.929768,1,76.5,0.000000e+00,49084,0.105551,5.735747,9.156654,0.213843,N/A
WeldedBeam,13,1.755711,1,82.9,0.000000e+00,51005,0.186999,2.936113,9.614698,0.209635,N/A
WeldedBeam,14,1.738103,1,70.6,0.000000e+00,49154,0.224673,2.756916,8.694819,0.226030,N/A
WeldedBeam,15,1.901397,1,76.2,0.000000e+00,51248,0.170277,4.531636,9.181709,0.214542,N/A
WeldedBeam,16,1.826141,1,74.6,0.000000e+00,48292,0.154876,4.068012,8.799228,0.224657,N/A
WeldedBeam,17,1.824418,1,79.8,0.000000e+00,48298,0.177251,3.695387,9.123448,0.218380,N/A
WeldedBeam,18,1.773853,1,79.8,0.000000e+00,49211,0.196626,3.115388,9.562235,0.208388,N/A
WeldedBeam,19,1.833356,1,83.1,0.000000e+00,48495,0.147240,4.426857,8.731113,0.223162,N/A
WeldedBeam,20,1.878980,1,77.3,0.000000e+00,49204,0.127210,5.656569,9.111870,0.206323,N/A
WeldedBeam,21,1.804576,1,79.5,0.000000e+00,49711,0.176828,3.469085,9.121087,0.219777,N/A
WeldedBeam,22,1.782834,1,71.0,0.000000e+00,50050,0.191037,3.249118,9.788604,0.203350,N/A
WeldedBeam,23,1.734096,1,80.4,0.000000e+00,48399,0.191327,3.172249,8.656383,0.224541,N/A
WeldedBeam,24,1.811056,1,82.4,0.000000e+00,49615,0.202501,3.185790,9.951743,0.202565,N/A
WeldedBeam,25,1.880808,1,77.4,0.000000e+00,50290,0.128583,5.006595,8.698481,0.224965,N/A
WeldedBeam,26,1.667415,1,71.2,0.000000e+00,48474,0.204618,2.883167,9.022664,0.209324,N/A
WeldedBeam,27,1.859493,1,65.8,0.000000e+00,48899,0.175319,3.629355,9.999868,0.204714,N/A
WeldedBeam,28,1.895304,1,70.8,0.000000e+00,50027,0.102757,5.452864,9.647384,0.202874,N/A
WeldedBeam,29,1.803022,1,78.1,0.000000e+00,49368,0.129239,4.526869,9.406913,0.205077,N/A
