Step,Branin,Himmelblau,Rosenbrock,PressureVessel,GearTrain,G06,WeldedBeam
1,2.620247,1585.997007,694.135357,7042849.973516,-31044.130102,281.340930,14.108263
2,2.453621,1582.056827,367.609836,572134.679436,-31044.130102,36480.081995,13.622942
3,2.335015,1433.499194,254.487321,47565570.882134,-31044.130102,15646.093873,13.188343
4,2.243778,1089.616893,191.332864,13500333.764451,-31044.130102,5230.633328,12.797821
5,2.153978,1028.599697,136.905567,8641160.887503,-31044.130102,1882.848534,12.434198
6,2.054410,771.690352,89.230727,5111464.013552,-31044.130102,1060.827908,12.101167
7,1.950796,381.269254,71.936204,3048392.007123,-31044.130102,702.076404,11.834666
8,1.850018,197.396439,52.573641,1927867.998164,-31044.130103,240.656406,11.589859
9,1.755540,177.579354,35.699998,1269018.453393,-31044.130105,-356.702774,11.358464
10,1.666023,171.956900,20.816328,801684.083343,-31044.130111,-1022.712427,11.138277
11,1.575413,136.674734,10.648728,487845.546338,-31044.130106,-1692.354189,10.927693
12,1.483628,112.345181,4.748269,286201.820182,-31044.130076,-2323.520163,10.727990
13,1.390609,98.586176,1.886884,162960.817497,-31044.129962,-2894.680018,10.514528
14,1.297523,117.802875,1.009831,89842.212305,-31044.129481,-3399.581808,10.316818
15,1.204838,122.794420,1.008563,45300.884592,-31044.127620,-3818.841303,10.118771
16,1.143097,119.837016,1.257525,20892.818682,-31044.126066,-4171.164473,9.919165
17,1.091892,120.441727,1.115629,8634.274090,-31044.124227,-4476.159174,9.739969
18,1.043627,115.586350,0.861381,3152.267471,-31044.121858,-4741.083041,9.565943
19,0.945149,113.931848,0.830798,1025.438927,-31044.116411,-4970.852987,9.397532
20,0.857722,111.467652,0.658123,310.520296,-31044.101488,-5169.712816,9.238060
21,0.806686,106.071230,0.349155,99.438810,-31044.089383,-5343.241654,9.072620
22,0.770406,100.317106,0.388680,44.407754,-31044.496493,-5495.018135,8.890247
23,0.732205,94.867920,0.515099,31.654856,-31051.179722,-5628.104672,8.679041
24,0.686917,89.867233,0.279927,35.066376,-31102.392419,-5745.110401,8.385424
25,0.630783,85.090116,0.209505,41.033719,-31250.265204,-5848.253788,8.066627
26,0.575843,81.387837,0.191270,50.141467,-31493.696700,-5939.420221,7.722821
27,0.545129,79.179079,0.233526,62.957010,-31491.706079,-6020.213320,7.354631
28,0.534815,79.057147,0.248883,80.266339,-31396.254536,-6091.999187,7.008184
29,0.528106,79.355367,0.211747,102.422636,-31320.191890,-6155.944004,6.632538
30,0.510947,78.915409,0.164162,129.156654,-31298.283532,-6213.045782,6.226604
31,0.482365,77.796275,0.181868,158.345837,-31320.601496,-6264.160991,5.806193
32,0.457427,76.761464,0.219651,189.731498,-31380.217649,-6309.793244,5.367889
33,0.448912,75.758769,0.153800,219.124228,-31411.442595,-6349.979619,4.924149
34,0.450490,74.807410,0.171272,246.499971,-31376.601587,-6385.881499,4.474445
35,0.447749,73.680671,0.198279,269.742782,-31336.464555,-6418.882881,4.027973
36,0.435197,72.606039,0.191876,287.796228,-31318.049790,-6448.470852,3.586332
37,0.419838,71.589990,0.160970,299.688059,-31335.224500,-6475.307664,3.169922
38,0.411561,70.672364,0.147803,305.376346,-31378.951057,-6499.704627,2.789119
39,0.412350,69.835020,0.157153,305.554025,-31406.206405,-6521.935575,2.510121
40,0.414870,69.065755,0.146099,301.202171,-31383.544915,-6542.242009,2.276306
41,0.411913,68.359454,0.147751,292.976413,-31344.912007,-6560.837440,2.071690
42,0.404581,67.709778,0.185386,281.618277,-31330.989999,-6577.911079,1.876839
43,0.399432,67.103634,0.177388,267.893279,-31350.189976,-6593.630973,1.697617
44,0.400013,66.584790,0.148773,252.542088,-31385.130350,-6608.146683,1.794090
45,0.402847,66.164689,0.142908,236.244710,-31394.931087,-6621.591572,1.888164
46,0.403693,65.711984,0.144751,219.596720,-31368.160426,-6634.084766,1.978989
47,0.401524,65.239688,0.145920,203.096015,-31342.427576,-6645.732849,2.054641
48,0.398899,64.796481,0.148128,187.138268,-31342.753593,-6656.631315,2.125420
49,0.398646,64.586482,0.149785,172.019216,-31366.137258,-6666.865827,2.193633
50,0.400742,64.702989,0.150190,157.941968,-31389.863086,-6676.513310,2.257294
51,0.402683,64.832415,0.150692,145.027669,-31376.954344,-6685.642897,2.316345
52,0.402597,64.926527,0.151975,133.328079,-31353.828582,-6694.316756,2.371159
53,0.401241,64.983187,0.152861,122.838880,-31346.186316,-6702.590810,2.421902
54,0.400584,65.008188,0.152845,113.512755,-31359.197530,-6710.515360,2.468790
55,0.401470,65.010163,0.153013,105.271582,-31378.505514,-6718.135642,2.511990
56,0.402832,65.095031,0.153672,98.017313,-31381.345805,-6725.492302,2.551765
57,0.403192,65.334091,0.153900,91.641272,-31365.660914,-6732.621822,2.591408
58,0.402401,65.569288,0.153612,86.031824,-31351.940609,-6739.556885,2.627809
59,0.401584,65.649955,0.153612,81.080399,-31354.375081,-6746.326702,2.661186
60,0.401644,65.713536,0.153814,76.685959,-31369.044309,-6752.957290,2.691743
61,0.402251,65.765700,0.153564,72.758010,-31378.840353,-6759.471724,2.719374
62,0.402426,65.845176,0.153139,69.218304,-31372.192640,-6765.890347,2.744467
63,0.401819,65.946423,0.153014,66.001403,-31358.918149,-6772.230957,2.767354
64,0.401033,66.033803,0.152820,63.054302,-31354.792021,-6778.508967,2.788205
65,0.400747,66.108524,0.152293,60.335359,-31363.288117,-6784.737543,2.807275
66,0.400896,66.171687,0.151841,57.812765,-31374.083117,-6790.927716,2.829299
67,0.400886,66.224303,0.151551,55.462782,-31374.127760,-6797.088480,2.849380
68,0.400412,66.267294,0.151053,53.267967,-31364.402145,-6803.226867,2.867676
69,0.399792,66.301500,0.150433,51.215507,-31357.510048,-6809.348015,2.884336
70,0.399474,66.327690,0.149969,49.295797,-31360.862502,-6815.455205,2.899497
71,0.399472,66.346564,0.149478,47.501285,-31369.838015,-6821.549903,2.913288
72,0.399419,66.358760,0.148815,45.825605,-31373.489457,-6827.631775,2.925826
73,0.399098,66.364859,0.148207,44.262978,-31367.778226,-6833.698698,2.937220
74,0.398697,66.365391,0.147671,42.807825,-31360.638408,-6839.746764,2.947572
75,0.398494,66.360836,0.147014,41.454563,-31360.524305,-6845.770269,2.956972
76,0.398493,66.351635,0.146325,40.720514,-31366.916269,-6851.761705,2.965505
77,0.398469,66.338184,0.145720,40.492938,-31371.785135,-6857.711747,2.973249
78,0.398293,66.320848,0.145069,40.311020,-31369.319735,-6863.609250,2.980275
79,0.398086,66.299955,0.146370,40.151658,-31363.314439,-6869.441245,2.986647
80,0.398012,66.275805,0.150058,39.996309,-31361.263965,-6875.192961,2.992426
81,0.398055,66.248670,0.147174,39.830719,-31364.054424,-6880.847870,2.997664
82,0.398066,66.218798,0.145447,39.644503,-31365.922816,-6886.387776,3.002411
83,0.397984,66.186414,0.146025,39.522658,-31367.560006,-6891.792954,3.006713
84,0.397899,66.151720,0.147279,39.474919,-31367.350881,-6897.042370,3.010609
85,0.397903,66.114902,0.149285,39.487525,-31365.694724,-6902.113991,3.014139
86,0.397961,66.076130,0.148390,39.500687,-31364.462172,-6906.985230,3.017334
87,0.397980,66.035554,0.148305,39.467719,-31364.902673,-6911.633518,3.020227
88,0.397942,65.993313,0.149841,39.388804,-31366.449856,-6916.037049,3.022846
89,0.397915,65.949534,0.149370,39.264323,-31367.528080,-6920.175681,3.025215
90,0.397943,65.904330,0.148667,39.095014,-31368.016406,-6924.031965,3.027358
91,0.397987,65.857805,0.149523,38.882096,-31366.948038,-6927.592240,3.029297
92,0.397991,65.810052,0.149326,39.029035,-31365.684603,-6930.847645,3.031050
93,0.397967,65.761156,0.148369,39.322759,-31365.260819,-6933.794884,3.032634
94,0.397960,65.711195,0.148622,39.519389,-31365.934554,-6936.436509,3.034067
95,0.397983,65.660238,0.148505,39.624820,-31367.057180,-6938.782333,3.035360
96,0.398001,65.608350,0.147513,39.645591,-31367.497108,-6940.843360,3.036529
97,0.397990,65.555586,0.147331,39.588677,-31367.041222,-6942.633016,3.037584
98,0.397970,65.502000,0.147155,39.461307,-31366.330454,-6944.166125,3.038537
99,0.397968,65.447638,0.146213,39.270801,-31368.168138,-6945.457937,3.039396
100,0.397978,65.392544,0.145734,39.024427,-31356.373400,-6946.523423,3.040171
101,0.397976,65.336756,0.145816,38.729283,-31376.756017,-6947.376933,3.040870
102,0.397959,65.280309,0.146150,38.392200,-31359.927571,-6948.032231,3.041500
103,0.397945,65.223235,0.145376,38.019667,-31362.305569,-6948.502793,3.042067
104,0.397944,65.206296,0.146148,37.632550,-31374.879225,-6948.802216,3.042577
105,0.397945,65.184882,0.145815,37.282908,-31363.913585,-6948.944590,3.043036
106,0.397935,65.158777,0.145701,37.207872,-31360.383778,-6948.944746,3.043449
107,0.397921,65.127451,0.146280,37.533660,-31372.273782,-6948.818322,3.043819
108,0.397915,65.092513,0.146886,37.814976,-31368.192518,-6948.581673,3.044152
109,0.397915,65.094116,0.146686,38.013684,-31360.409838,-6948.251652,3.044450
110,0.397912,65.089305,0.146815,38.120649,-31372.121830,-6947.845310,3.044717
111,0.397903,65.078650,0.147060,38.142725,-31368.156671,-6947.379560,3.044956
112,0.397897,65.062216,0.146682,38.087299,-31360.730480,-6946.870848,3.045169
113,0.397897,65.040999,0.146510,37.962043,-31369.478104,-6946.334851,3.045359
114,0.397897,65.015429,0.146459,37.774707,-31370.149506,-6945.786210,3.045528
115,0.397894,65.029024,0.145948,37.532941,-31361.809657,-6945.238331,3.045679
116,0.397889,65.033384,0.145564,37.652078,-31367.121420,-6944.703224,3.045812
117,0.397889,65.029846,0.146281,37.692407,-31371.043703,-6944.191406,3.045930
118,0.397891,65.067624,0.146604,37.713548,-31363.348392,-6943.711841,3.046033
119,0.397890,65.095279,0.145623,37.734280,-31365.770350,-6943.271930,3.046124
120,0.397888,65.113738,0.145885,37.735431,-31370.513506,-6942.876173,3.046204
121,0.397888,65.123839,0.146123,37.669882,-31365.821473,-6942.529529,3.046273
122,0.397889,65.125665,0.147381,37.538343,-31364.670103,-6942.235449,3.046333
123,0.397890,65.120677,0.146523,37.795690,-31368.226843,-6941.995947,3.046384
124,0.397890,65.109515,0.146450,37.955773,-31367.294596,-6941.811686,3.046428
125,0.397889,65.092755,0.147125,38.024709,-31363.749145,-6941.682089,3.046465
126,0.397890,65.118386,0.146203,38.018754,-31364.290019,-6941.605470,3.046496
127,0.397891,65.134936,0.145967,37.973794,-31366.096899,-6941.579169,3.046520
128,0.397891,65.141150,0.146170,37.901460,-31362.901701,-6941.599704,3.046540
129,0.397890,65.139187,0.145220,37.789614,-31356.038026,-6941.662919,3.046555
130,0.397890,65.130714,0.146185,37.613825,-31329.202434,-6941.764133,3.046566
131,0.397891,65.174994,0.145632,37.380123,-31235.382526,-6941.898287,3.046573
132,0.397891,65.251502,0.146596,37.644713,-30583.890104,-6942.060083,3.046577
133,0.397890,65.313164,0.146278,37.837858,-29120.374262,-6942.244121,3.046577
134,0.397890,65.358899,0.146687,37.994931,-27739.570877,-6942.445016,3.046575
135,0.397890,65.392570,0.147077,38.115117,-26859.132791,-6942.657512,3.046570
136,0.397890,65.416030,0.146566,38.168835,-26162.288563,-6942.876577,3.046563
137,0.397889,65.430299,0.146685,38.134923,-25676.278073,-6943.097487,3.046554
138,0.397889,65.482172,0.146633,38.021724,-25266.139979,-6943.315896,3.046543
139,0.397889,65.522099,0.146000,37.837812,-25048.338013,-6943.527893,3.046530
140,0.397889,65.551190,0.145877,37.591774,-24943.008575,-6943.730034,3.046516
141,0.397888,65.570448,0.146540,37.645454,-24908.209856,-6943.919381,3.046500
142,0.397888,65.580786,0.147261,37.615234,-24904.534361,-6944.093503,3.046483
143,0.397888,65.583029,0.145950,37.540335,-24908.535583,-6944.250669,3.046465
144,0.397888,65.577926,0.146402,37.455299,-24916.103595,-6944.391134,3.046446
145,0.397888,65.566153,0.146320,37.356020,-24926.156011,-6944.513891,3.046426
146,0.397887,65.548323,0.147611,37.643229,-24928.912979,-6944.618336,3.046405
147,0.397888,65.524992,0.146844,37.843429,-24930.968977,-6944.704246,3.046384
148,0.397888,65.496661,0.146775,37.957605,-24935.340487,-6944.771743,3.046362
149,0.397887,65.463784,0.147346,37.985857,-24942.141127,-6944.821262,3.046339
150,0.397887,65.426773,0.146375,37.931839,-24952.828212,-6944.853514,3.046315
